INSERT INTO universidad VALUES('Universidad Central de Venezuela','La casa que vense a las sombras','01/11/1992','UCV');
INSERT INTO universidad VALUES('1Universidad Central de Venezuela','La casa que vense a las sombras','01/11/1992','1UCV');
INSERT INTO universidad VALUES('2Universidad Central de Venezuela','La casa que vense a las sombras','01/11/1992','2UCV');
INSERT INTO universidad VALUES('3Universidad Central de Venezuela','La casa que vense a las sombras','01/11/1992','3UCV');
INSERT INTO universidad VALUES('4Universidad Central de Venezuela','La casa que vense a las sombras','01/11/1992','4UCV');
INSERT INTO universidad VALUES('5Universidad Central de Venezuela','La casa que vense a las sombras','01/11/1992','5UCV');
INSERT INTO universidad VALUES('6Universidad Central de Venezuela','La casa que vense a las sombras','01/11/1992','6UCV');
INSERT INTO universidad VALUES('7Universidad Central de Venezuela','La casa que vense a las sombras','01/11/1992','7UCV');
INSERT INTO universidad VALUES('8Universidad Central de Venezuela','La casa que vense a las sombras','01/11/1992','8UCV');
INSERT INTO universidad VALUES('9Universidad Central de Venezuela','La casa que vense a las sombras','01/11/1992','9UCV');

INSERT INTO usuario VALUES('David','Fernandez','david@gmail.com','d567890',' por ventormenta','042499999');
INSERT INTO usuario VALUES('1David','Fernandez','1david@gmail.com','d567890',' por ventormenta','042499999');
INSERT INTO usuario VALUES('2David','Fernandez','2david@gmail.com','d567890',' por ventormenta','042499999');
INSERT INTO usuario VALUES('3David','Fernandez','3david@gmail.com','d567890',' por ventormenta','042499999');
INSERT INTO usuario VALUES('4David','Fernandez','4david@gmail.com','d567890',' por ventormenta','042499999');
INSERT INTO usuario VALUES('5David','Fernandez','5david@gmail.com','d567890',' por ventormenta','042499999');
INSERT INTO usuario VALUES('6David','Fernandez','6david@gmail.com','d567890',' por ventormenta','042499999');
INSERT INTO usuario VALUES('7David','Fernandez','7david@gmail.com','d567890',' por ventormenta','042499999');
INSERT INTO usuario VALUES('8David','Fernandez','8david@gmail.com','d567890',' por ventormenta','042499999');
INSERT INTO usuario VALUES('9David','Fernandez','9david@gmail.com','d567890',' por ventormenta','042499999');

INSERT INTO evento VALUES('CEIDEC','01/11/2016','08/11/2016','UCV');
INSERT INTO evento VALUES('1CEIDEC','01/11/2016','08/11/2016','1UCV');
INSERT INTO evento VALUES('2CEIDEC','01/11/2016','08/11/2016','2UCV');
INSERT INTO evento VALUES('3CEIDEC','01/11/2016','08/11/2016','3UCV');
INSERT INTO evento VALUES('4CEIDEC','01/11/2016','08/11/2016','4UCV');
INSERT INTO evento VALUES('5CEIDEC','01/11/2016','08/11/2016','5UCV');
INSERT INTO evento VALUES('6CEIDEC','01/11/2016','08/11/2016','6UCV');
INSERT INTO evento VALUES('7CEIDEC','01/11/2016','08/11/2016','7UCV');
INSERT INTO evento VALUES('8CEIDEC','01/11/2016','08/11/2016','8UCV');
INSERT INTO evento VALUES('9CEIDEC','01/11/2016','08/11/2016','9UCV');

INSERT INTO empresa VALUES('Polar', 'la yaguara', '0212566745', 'Privada');
INSERT INTO empresa VALUES('1Polar', 'la yaguara', '0212566745', 'Privada');
INSERT INTO empresa VALUES('2Polar', 'la yaguara', '0212566745', 'Privada');
INSERT INTO empresa VALUES('3Polar', 'la yaguara', '0212566745', 'Privada');
INSERT INTO empresa VALUES('4Polar', 'la yaguara', '0212566745', 'Privada');
INSERT INTO empresa VALUES('5Polar', 'la yaguara', '0212566745', 'Privada');
INSERT INTO empresa VALUES('6Polar', 'la yaguara', '0212566745', 'Privada');
INSERT INTO empresa VALUES('7Polar', 'la yaguara', '0212566745', 'Privada');
INSERT INTO empresa VALUES('8Polar', 'la yaguara', '0212566745', 'Privada');
INSERT INTO empresa VALUES('9Polar', 'la yaguara', '0212566745', 'Privada');

INSERT INTO participante VALUES ('david@gmail.com','CEIDEC');
INSERT INTO participante VALUES ('1david@gmail.com','1CEIDEC');
INSERT INTO participante VALUES ('2david@gmail.com','2CEIDEC');
INSERT INTO participante VALUES ('3david@gmail.com','3CEIDEC');
INSERT INTO participante VALUES ('4david@gmail.com','4CEIDEC');
INSERT INTO participante VALUES ('5david@gmail.com','5CEIDEC');
INSERT INTO participante VALUES ('6david@gmail.com','6CEIDEC');
INSERT INTO participante VALUES ('7david@gmail.com','7CEIDEC');
INSERT INTO participante VALUES ('8david@gmail.com','8CEIDEC');
INSERT INTO participante VALUES ('9david@gmail.com','9CEIDEC');



INSERT INTO expositor  VALUES ('david@gmail.com','Como wipear',1);
INSERT INTO expositor  VALUES ('1david@gmail.com','1Como wipear',1);
INSERT INTO expositor  VALUES ('2david@gmail.com','2Como wipear',1);
INSERT INTO expositor  VALUES ('3david@gmail.com','3Como wipear',1);
INSERT INTO expositor  VALUES ('4david@gmail.com','4Como wipear',1);
INSERT INTO expositor  VALUES ('5david@gmail.com','5Como wipear',1);
INSERT INTO expositor  VALUES ('6david@gmail.com','6Como wipear',1);
INSERT INTO expositor  VALUES ('7david@gmail.com','7Como wipear',1);
INSERT INTO expositor  VALUES ('8david@gmail.com','8Como wipear',1);
INSERT INTO expositor  VALUES ('9david@gmail.com','9Como wipear',1);

INSERT INTO patrocinado VALUES('CEIDEC','Polar', '8212566745', '01/11/2016');
INSERT INTO patrocinado VALUES('1CEIDEC','1Polar', '8212566745', '01/11/2016');
INSERT INTO patrocinado VALUES('2CEIDEC','2Polar', '8212566745', '01/11/2016');
INSERT INTO patrocinado VALUES('3CEIDEC','3Polar', '8212566745', '01/11/2016');
INSERT INTO patrocinado VALUES('4CEIDEC','4Polar', '8212566745', '01/11/2016');
INSERT INTO patrocinado VALUES('5CEIDEC','5Polar', '8212566745', '01/11/2016');
INSERT INTO patrocinado VALUES('6CEIDEC','6Polar', '8212566745', '01/11/2016');
INSERT INTO patrocinado VALUES('7CEIDEC','7Polar', '8212566745', '01/11/2016');
INSERT INTO patrocinado VALUES('8CEIDEC','8Polar', '8212566745', '01/11/2016');
INSERT INTO patrocinado VALUES('9CEIDEC','9Polar', '8212566745', '01/11/2016');

INSERT INTO estudia VALUES ('david@gmail.com','UCV','01/8/2012');
INSERT INTO estudia VALUES ('1david@gmail.com','1UCV','01/8/2012');
INSERT INTO estudia VALUES ('2david@gmail.com','2UCV','01/8/2012');
INSERT INTO estudia VALUES ('3david@gmail.com','3UCV','01/8/2012');
INSERT INTO estudia VALUES ('4david@gmail.com','4UCV','01/8/2012');
INSERT INTO estudia VALUES ('5david@gmail.com','5UCV','01/8/2012');
INSERT INTO estudia VALUES ('6david@gmail.com','6UCV','01/8/2012');
INSERT INTO estudia VALUES ('7david@gmail.com','7UCV','01/8/2012');
INSERT INTO estudia VALUES ('8david@gmail.com','8UCV','01/8/2012');
INSERT INTO estudia VALUES ('9david@gmail.com','9UCV','01/8/2012');



COMMIT;




